compound_id,full_smiles,donor_smiles,bridge_smiles,acceptor_smiles,core_smiles,C2,,,,
1,OC(/C=C1C(OC(C)(C)OC/1=O)=O)=C\C=C\N2CCC3=C2C=CC=C3,[*:5]N1CCC2=C1C=CC=C2,[*:1]=C/C([*:2])=C/C=C/[*:5],CC(OC1=O)(C)OC(C1=[*:1])=O,[H]C(C1=CC=CO1)=O,O[*:2],,,,
2,OC(/C=C1C(OC(C)(C)OC/1=O)=O)=C\C=C(C)\N2CCC3=C2C=CC=C3,[*:5]N1CCC2=C1C=CC=C2,[*:1]=C/C([*:2])=C/C=C(C)/[*:5],CC(OC1=O)(C)OC(C1=[*:1])=O,[H]C(C1=CC=C(C)O1)=O,O[*:2],,,,
3,OC(/C=C1C(OC(C)(C)OC/1=O)=O)=C\C=C2N(C3=CC=CC=C3)CCC\2,[*:6]N([*:5])C1=CC=CC=C1,[*:1]=C/C([*:2])=C/C=C(CCC[*:6])/[*:5],CC(OC1=O)(C)OC(C1=[*:1])=O,[H]C(C1=CC=C(CCCOS(C2=CC=C(C)C=C2)(=O)=O)O1)=O,O[*:2],,,,
4,OC(/C=C1C(C)=NN(C2=CC=CC=C2)C/1=O)=C\C=C3N(C4=CC=CC=C4)CCC\3,[*:6]N([*:5])C1=CC=CC=C1,[*:1]=C/C([*:2])=C/C=C(CCC[*:6])/[*:5],O=C1N(C2=CC=CC=C2)N=C(C)C1=[*:1],[H]C(C1=CC=C(CCCOS(C2=CC=C(C)C=C2)(=O)=O)O1)=O,O[*:2],,,,
5,OC(/C=C1C(C)=NN(C2=CC=CC=C2)C/1=O)=C\C=C3N(C4=CC=C(I)C=C4)CCC\3,[*:6]N([*:5])C1=CC=C(I)C=C1,[*:1]=C/C([*:2])=C/C=C(CCC[*:6])/[*:5],O=C1N(C2=CC=CC=C2)N=C(C)C1=[*:1],[H]C(C1=CC=C(CCCOS(C2=CC=C(C)C=C2)(=O)=O)O1)=O,O[*:2],,,,
6,OC(/C=C1C(OC(C)(C)OC/1=O)=O)=C\C=C\N(C)C,CN([*:5])C,[*:1]=C/C([*:2])=C/C=C/[*:5],CC(OC1=O)(C)OC(C1=[*:1])=O,[H]C(C1=CC=CO1)=O,O[*:2],,,,
7,OC(/C=C1C(OC(C)(C)OC/1=O)=O)=C\C=C\N2C(C)CC3=C2C=CC=C3,[*:5]N1C(C)CC2=C1C=CC=C2,[*:1]=C/C([*:2])=C/C=C/[*:5],CC(OC1=O)(C)OC(C1=[*:1])=O,[H]C(C1=CC=CO1)=O,O[*:2],,,,
8,OC(/C=C1C(N(C)C(N(C)C/1=O)=O)=O)=C\C=C\N2C(C)CC3=C2C=CC=C3,[*:5]N1C(C)CC2=C1C=CC=C2,[*:1]=C/C([*:2])=C/C=C/[*:5],O=C(C(C(N1C)=O)=[*:1])N(C)C1=O,[H]C(C1=CC=CO1)=O,O[*:2],,,,
9,OC(/C=C1C(N(C2=CC=CC=C2)N=C/1C(F)(F)F)=O)=C\C=C\N3C(C)CC4=C3C=CC=C4,[*:5]N1C(C)CC2=C1C=CC=C2,[*:1]=C/C([*:2])=C/C=C/[*:5],[*:1]=C1C(N(C2=CC=CC=C2)N=C1C(F)(F)F)=O,[H]C(C1=CC=CO1)=O,O[*:2],,,,
10,O=C(C1=C2C=CC=C1)/C(C2=O)=C/C(O)=C/C=C/N3C(C)CC4=C3C=CC=C4,[*:5]N1C(C)CC2=C1C=CC=C2,[*:1]=C/C([*:2])=C/C=C/[*:5],[*:1]=C(C(C1=C2C=CC=C1)=O)C2=O,[H]C(C1=CC=CO1)=O,O[*:2],,,,
11,OC(/C=C1C(OC(C)(C)OC/1=O)=O)=C\C=C\N(C)C2=CC=C(N(C)C)C=C2,CN([*:5])C1=CC=C(N(C)C)C=C1,[*:1]=C/C([*:2])=C/C=C/[*:5],CC(OC1=O)(C)OC(C1=[*:1])=O,[H]C(C1=CC=CO1)=O,O[*:2],,,,
12,OC(/C=C1C(OC(C)(C)OC/1=O)=O)=C\C=C\N(C)C2=CC=C(OC)C=C2,CN([*:5])C1=CC=C(OC)C=C1,[*:1]=C/C([*:2])=C/C=C/[*:5],CC(OC1=O)(C)OC(C1=[*:1])=O,[H]C(C1=CC=CO1)=O,O[*:2],,,,
13,OC(/C=C1C(OC(C)(C)OC/1=O)=O)=C\C=C\N(C)C2=CC=CC=C2,CN([*:5])C1=CC=CC=C1,[*:1]=C/C([*:2])=C/C=C/[*:5],CC(OC1=O)(C)OC(C1=[*:1])=O,[H]C(C1=CC=CO1)=O,O[*:2],,,,
14,OC(/C=C1C(OC(C)(C)OC/1=O)=O)=C\C=C\N(C)C2=CC=C(F)C=C2,CN([*:5])C1=CC=C(F)C=C1,[*:1]=C/C([*:2])=C/C=C/[*:5],CC(OC1=O)(C)OC(C1=[*:1])=O,[H]C(C1=CC=CO1)=O,O[*:2],,,,
15,OC(/C=C1C(OC(C)(C)OC/1=O)=O)=C\C=C\N(CC)CC,[*:5]N(CC)CC,[*:1]=C/C([*:2])=C/C=C/[*:5],CC(OC1=O)(C)OC(C1=[*:1])=O,[H]C(C1=CC=CO1)=O,O[*:2],,,,
16,OC(/C=C1C(N(C)C(N(C)C/1=O)=O)=O)=C\C=C\N(CC)CC,[*:5]N(CC)CC,[*:1]=C/C([*:2])=C/C=C/[*:5],O=C(C(C(N1C)=O)=[*:1])N(C)C1=O,[H]C(C1=CC=CO1)=O,O[*:2],,,,
17,OC(/C=C1C(N(C2=CC=CC=C2)N(C3=CC=CC=C3)C/1=O)=O)=C\C=C\N4C(C)CC5=C4C=CC=C5,[*:5]N1C(C)CC2=C1C=CC=C2,[*:1]=C/C([*:2])=C/C=C/[*:5],[*:1]=C1C(N(C2=CC=CC=C2)N(C3=CC=CC=C3)C1=O)=O,[H]C(C1=CC=CO1)=O,O[*:2],,,,
18,OC(/C=C1C(C)=NOC/1=O)=C\C=C\N2C(C)CC3=C2C=CC=C3,[*:5]N1C(C)CC2=C1C=CC=C2,[*:1]=C/C([*:2])=C/C=C/[*:5],O=C1ON=C(C)C1=[*:1],[H]C(C1=CC=CO1)=O,O[*:2],,,,
19,OC(/C=C1C(C(F)(F)F)=NOC/1=O)=C\C=C\N2C(C)CC3=C2C=CC=C3,[*:5]N1C(C)CC2=C1C=CC=C2,[*:1]=C/C([*:2])=C/C=C/[*:5],O=C1ON=C(C(F)(F)F)C1=[*:1],[H]C(C1=CC=CO1)=O,O[*:2],,,,
20,OC(/C=C1C(C)=C(C#N)C(N(CCCC)C/1=O)=O)=C\C=C\N2C(C)CC3=C2C=CC=C3,[*:5]N1C(C)CC2=C1C=CC=C2,[*:1]=C/C([*:2])=C/C=C/[*:5],O=C(C(C(C)=C1C#N)=[*:1])N(CCCC)C1=O,[H]C(C1=CC=CO1)=O,O[*:2],,,,
21,OC(/C=C1C(N(C2=CC=CC=C2)N(C3=CC=CC=C3)C/1=O)=O)=C\C=C\N(CC)CC,[*:5]N(CC)CC,[*:1]=C/C([*:2])=C/C=C/[*:5],[*:1]=C1C(N(C2=CC=CC=C2)N(C3=CC=CC=C3)C1=O)=O,[H]C(C1=CC=CO1)=O,O[*:2],,,,
22,OC(/C=C1C(C)=NOC/1=O)=C\C=C\N(CC)CC,[*:5]N(CC)CC,[*:1]=C/C([*:2])=C/C=C/[*:5],O=C1ON=C(C)C1=[*:1],[H]C(C1=CC=CO1)=O,O[*:2],,,,
23,OC(/C=C1C(C(F)(F)F)=NOC/1=O)=C\C=C\N(CC)CC,[*:5]N(CC)CC,[*:1]=C/C([*:2])=C/C=C/[*:5],O=C1ON=C(C(F)(F)F)C1=[*:1],[H]C(C1=CC=CO1)=O,O[*:2],,,,
24,OC(/C=C1C(C(F)(F)F)=NN(C2=CC=CC=C2)C/1=O)=C\C=C\N(CC)CC,[*:5]N(CC)CC,[*:1]=C/C([*:2])=C/C=C/[*:5],[*:1]=C1C(N(C2=CC=CC=C2)N=C1C(F)(F)F)=O,[H]C(C1=CC=CO1)=O,O[*:2],,,,
25,OC(/C=C1C(C)=C(C#N)C(N(CCCC)C/1=O)=O)=C\C=C\N(CC)CC,[*:5]N(CC)CC,[*:1]=C/C([*:2])=C/C=C/[*:5],O=C(C(C(C)=C1C#N)=[*:1])N(CCCC)C1=O,[H]C(C1=CC=CO1)=O,O[*:2],,,,
26,OC(/C=C1C(OC(C)(C)OC/1=O)=O)=C\C=C\N(C)C2=CC=C(Cl)C=C2,ClC1=CC=C(N(C)[*:5])C=C1,[*:1]=C/C([*:2])=C/C=C/[*:5],CC(OC1=O)(C)OC(C1=[*:1])=O,[H]C(C1=CC=CO1)=O,O[*:2],,,,
27,OC(/C=C1C(OC(C)(C)OC/1=O)=O)=C\C=C\N2C(C=CC=C3)=C3CCC2,[*:5]N1C(C=CC=C2)=C2CCC1,[*:1]=C/C([*:2])=C/C=C/[*:5],CC(OC1=O)(C)OC(C1=[*:1])=O,[H]C(C1=CC=CO1)=O,O[*:2],,,,
28,OC(/C=C1C(OC(C)(C)OC/1=O)=O)=C\C=C\N2C(C=CC(OC)=C3)=C3CC2,[*:5]N1C(C=CC(OC)=C2)=C2CC1,[*:1]=C/C([*:2])=C/C=C/[*:5],CC(OC1=O)(C)OC(C1=[*:1])=O,[H]C(C1=CC=CO1)=O,O[*:2],,,,
29,OC(/C=C1C(OC(C)(C)OC/1=O)=O)=C\C=C\N2CCC3=C2C=CC(N(CCCCCCC)CCCCCCC)=C3,CCCCCCCN(CCCCCCC)C(C=C1)=CC2=C1N([*:5])CC2,[*:1]=C/C([*:2])=C/C=C/[*:5],CC(OC1=O)(C)OC(C1=[*:1])=O,[H]C(C1=CC=CO1)=O,O[*:2],,,,
30,OC(/C=C1C(N(C)C(N(C)C/1=O)=O)=O)=C\C=C\N(C)C2=CC=CC=C2,[*:5]N(C)C1=CC=CC=C1,[*:1]=C/C([*:2])=C/C=C/[*:5],O=C(C(C(N1C)=O)=[*:1])N(C)C1=O,[H]C(C1=CC=CO1)=O,O[*:2],,,,
31,OC(/C=C1C(N(C)C(N(C)C/1=O)=O)=O)=C\C=C\N2CCCC3=C2C=CC=C3,[*:5]N1C2=C(C=CC=C2)CCC1,[*:1]=C/C([*:2])=C/C=C/[*:5],O=C(C(C(N1C)=O)=[*:1])N(C)C1=O,[H]C(C1=CC=CO1)=O,O[*:2],,,,
32,O=C(/C(C(N1CCCCCC)=O)=C\C(O)=C\C=C\N2CCC3=C2C=CC(OC)=C3)N(CCCCCCCC)C1=O,[*:5]N1C2=C(C=C(OC)C=C2)CC1,[*:1]=C/C([*:2])=C/C=C/[*:5],O=C(C(C(N1CCCCCCCC)=O)=[*:1])N(CCCCCC)C1=O,[H]C(C1=CC=CO1)=O,O[*:2],,,,
33,OC(/C=C1C(N(C)C(N(C)C/1=O)=O)=O)=C\C=C\N2CCC3=C2C=CC(N(CCCCCCC)CCCCCCC)=C3,CCCCCCCN(CCCCCCC)C(C=C1)=CC2=C1N([*:5])CC2,[*:1]=C/C([*:2])=C/C=C/[*:5],O=C(C(C(N1C)=O)=[*:1])N(C)C1=O,[H]C(C1=CC=CO1)=O,O[*:2],,,,
34,OC(/C=C1C(N(C)C(N(C)C/1=O)=O)=O)=C\C=C\N2CCC3=C2C=CC(C4=CC=C(OC)C=C4)=C3,COC(C=C1)=CC=C1C(C=C2)=CC3=C2N([*:5])CC3,[*:1]=C/C([*:2])=C/C=C/[*:5],O=C(C(C(N1C)=O)=[*:1])N(C)C1=O,[H]C(C1=CC=CO1)=O,O[*:2],,,,
35,OC(/C=C1C(C(F)(F)F)=NN(C2=CC=CC=C2)C/1=O)=C\C=C\N3CCC4=C3C=CC(C5=CC=C(OC)C=C5)=C4,COC(C=C1)=CC=C1C(C=C2)=CC3=C2N([*:5])CC3,[*:1]=C/C([*:2])=C/C=C/[*:5],O=C1N(C2=CC=CC=C2)N=C(C(F)(F)F)C1=[*:1],[H]C(C1=CC=CO1)=O,O[*:2],,,,
36,OC(/C=C1C(C)=NOC/1=O)=C\C=C\N2CCC3=C2C=CC(C4=CC=C(OC)C=C4)=C3,COC(C=C1)=CC=C1C(C=C2)=CC3=C2N([*:5])CC3,[*:1]=C/C([*:2])=C/C=C/[*:5],O=C1ON=C(C)C1=[*:1],[H]C(C1=CC=CO1)=O,O[*:2],,,,
37,OC(/C=C1C(C(F)(F)F)=NOC/1=O)=C\C=C\N2CCC3=C2C=CC(C4=CC=C(OC)C=C4)=C3,COC(C=C1)=CC=C1C(C=C2)=CC3=C2N([*:5])CC3,[*:1]=C/C([*:2])=C/C=C/[*:5],O=C1ON=C(C(F)(F)F)C1=[*:1],[H]C(C1=CC=CO1)=O,O[*:2],,,,
38,O=C(/C(C(N1C)=O)=C\C(NS(=O)(C2=CC=C(Br)C=C2)=O)=C\C=C\N3CCC4=C3C=CC=C4)N(C)C1=O,[*:5]N1CCC2=C1C=CC=C2,[*:1]=C/C([*:2])=C/C=C/[*:5],O=C(C(C(N1C)=O)=[*:1])N(C)C1=O,[H]C(C1=CC=CN1S(=O)(C2=CC=C(Br)C=C2)=O)=O,[*:2]NS(=O)(C1=CC=C(Br)C=C1)=O,,,,
39,OC(/C=C1C(N(C)C(N(C)C/1=O)=O)=O)=C\C=C\N2CCC3=C2C=CC=C3,[*:5]N1CCC2=C1C=CC=C2,[*:1]=C/C([*:2])=C/C=C/[*:5],O=C(C(C(N1C)=O)=[*:1])N(C)C1=O,[H]C(C1=CC=CO1)=O,O[*:2],,,,
40,O=C(/C(C(N1C)=O)=C\C(NS(=O)(C2=CC=C(Br)C=C2)=O)=C\C=C\N3CC(C=CC=C4)=C4C3)N(C)C1=O,[*:5]N1CC(C=CC=C2)=C2C1,[*:1]=C/C([*:2])=C/C=C/[*:5],O=C(C(C(N1C)=O)=[*:1])N(C)C1=O,[H]C(C1=CC=CN1S(=O)(C2=CC=C(Br)C=C2)=O)=O,[*:2]NS(=O)(C1=CC=C(Br)C=C1)=O,,,,
41,OC(/C=C1C(N(C)C(N(C)C/1=O)=O)=O)=C\C=C\N2CC(C=CC=C3)=C3C2,[*:5]N1CC(C=CC=C2)=C2C1,[*:1]=C/C([*:2])=C/C=C/[*:5],O=C(C(C(N1C)=O)=[*:1])N(C)C1=O,[H]C(C1=CC=CO1)=O,O[*:2],,,,
42,O=C1N(C2=CC=CC=C2)N=C(C(F)(F)F)/C1=C/C(NS(=O)(C3=CC=C(Br)C=C3)=O)=C/C=C/N4CCC5=C4C=CC=C5,[*:5]N1CCC2=C1C=CC=C2,[*:1]=C/C([*:2])=C/C=C/[*:5],O=C1N(C2=CC=CC=C2)N=C(C(F)(F)F)C1=[*:1],[H]C(C1=CC=CN1S(=O)(C2=CC=C(Br)C=C2)=O)=O,[*:2]NS(=O)(C1=CC=C(Br)C=C1)=O,,,,
43,OC(/C=C1C(C(F)(F)F)=NN(C2=CC=CC=C2)C/1=O)=C\C=C\N3CCC4=C3C=CC=C4,[*:5]N1CCC2=C1C=CC=C2,[*:1]=C/C([*:2])=C/C=C/[*:5],O=C1N(C2=CC=CC=C2)N=C(C(F)(F)F)C1=[*:1],[H]C(C1=CC=CO1)=O,O[*:2],,,,
44,O=C(/C(C(N1C)=O)=C\C(NS(=O)(C2=CC=CC=C2)=O)=C\C=C\N3CCC4=C3C=CC=C4)N(C)C1=O,[*:5]N1CCC2=C1C=CC=C2,[*:1]=C/C([*:2])=C/C=C/[*:5],O=C(C(C(N1C)=O)=[*:1])N(C)C1=O,[H]C(C1=CC=CN1S(=O)(C2=CC=CC=C2)=O)=O,[*:2]NS(=O)(C1=CC=CC=C1)=O,,,,
45,O=C(/C(C(N1C)=O)=C\C(NS(=O)(C2=C(C=CC=C3)C3=CC=C2)=O)=C\C=C\N4CCC5=C4C=CC=C5)N(C)C1=O,[*:5]N1CCC2=C1C=CC=C2,[*:1]=C/C([*:2])=C/C=C/[*:5],O=C(C(C(N1C)=O)=[*:1])N(C)C1=O,[H]C(C1=CC=CN1S(=O)(C2=C(C=CC=C3)C3=CC=C2)=O)=O,[*:2]NS(=O)(C1=CC=CC2=C1C=CC=C2)=O,,,,
46,O=C(/C(C(N1C)=O)=C\C(NS(=O)(C2=CC=C(OC)C=C2)=O)=C\C=C\N3CCC4=C3C=CC=C4)N(C)C1=O,[*:5]N1CCC2=C1C=CC=C2,[*:1]=C/C([*:2])=C/C=C/[*:5],O=C(C(C(N1C)=O)=[*:1])N(C)C1=O,[H]C(C1=CC=CN1S(=O)(C2=CC=C(OC)C=C2)=O)=O,[*:2]NS(=O)(C1=CC=C(OC)C=C1)=O,,,,
47,O=C(/C(C(N1C)=O)=C\C(NS(=O)(C2=CC=C(SC)C=C2)=O)=C\C=C\N3CCC4=C3C=CC=C4)N(C)C1=O,[*:5]N1CCC2=C1C=CC=C2,[*:1]=C/C([*:2])=C/C=C/[*:5],O=C(C(C(N1C)=O)=[*:1])N(C)C1=O,[H]C(C1=CC=CN1S(=O)(C2=CC=C(SC)C=C2)=O)=O,[*:2]NS(=O)(C1=CC=C(SC)C=C1)=O,,,,
48,O=C(/C(C(N1C)=O)=C\C(NS(=O)(C2=CC=C(F)C=C2)=O)=C\C=C\N3CCC4=C3C=CC=C4)N(C)C1=O,[*:5]N1CCC2=C1C=CC=C2,[*:1]=C/C([*:2])=C/C=C/[*:5],O=C(C(C(N1C)=O)=[*:1])N(C)C1=O,[H]C(C1=CC=CN1S(=O)(C2=CC=C(F)C=C2)=O)=O,[*:2]NS(=O)(C1=CC=C(F)C=C1)=O,,,,
49,O=C(/C(C(N1C)=O)=C\C(NS(=O)(C2=CC=C(Cl)C=C2)=O)=C\C=C\N3CCC4=C3C=CC=C4)N(C)C1=O,[*:5]N1CCC2=C1C=CC=C2,[*:1]=C/C([*:2])=C/C=C/[*:5],O=C(C(C(N1C)=O)=[*:1])N(C)C1=O,[H]C(C1=CC=CN1S(=O)(C2=CC=C(Cl)C=C2)=O)=O,[*:2]NS(=O)(C1=CC=C(Cl)C=C1)=O,,,,
50,O=C(/C(C(N1C)=O)=C\C(NS(=O)(C2=CC=C(Br)C=C2)=O)=C\C=C\N3CCC4=C3C=CC=C4)N(C)C1=O,[*:5]N1CCC2=C1C=CC=C2,[*:1]=C/C([*:2])=C/C=C/[*:5],O=C(C(C(N1C)=O)=[*:1])N(C)C1=O,[H]C(C1=CC=CN1S(=O)(C2=CC=C(Br)C=C2)=O)=O,[*:2]NS(=O)(C1=CC=C(Br)C=C1)=O,,,,
51,O=C(/C(C(N1C)=O)=C\C(NS(=O)(C2=CC=C(I)C=C2)=O)=C\C=C\N3CCC4=C3C=CC=C4)N(C)C1=O,[*:5]N1CCC2=C1C=CC=C2,[*:1]=C/C([*:2])=C/C=C/[*:5],O=C(C(C(N1C)=O)=[*:1])N(C)C1=O,[H]C(C1=CC=CN1S(=O)(C2=CC=C(I)C=C2)=O)=O,[*:2]NS(=O)(C1=CC=C(I)C=C1)=O,,,,
52,O=C(/C(C(N1C)=O)=C\C(NS(=O)(C2=CC=C(N=[N+]=[N-])C=C2)=O)=C\C=C\N3CCC4=C3C=CC=C4)N(C)C1=O,[*:5]N1CCC2=C1C=CC=C2,[*:1]=C/C([*:2])=C/C=C/[*:5],O=C(C(C(N1C)=O)=[*:1])N(C)C1=O,[H]C(C1=CC=CN1S(=O)(C2=CC=C(N=[N+]=[N-])C=C2)=O)=O,[*:2]NS(=O)(C1=CC=C(N=[N+]=[N-])C=C1)=O,,,,
53,O=C(/C(C(N1C)=O)=C\C(NS(=O)(C2=CC=C([N+]([O-])=O)C=C2)=O)=C\C=C\N3CCC4=C3C=CC=C4)N(C)C1=O,[*:5]N1CCC2=C1C=CC=C2,[*:1]=C/C([*:2])=C/C=C/[*:5],O=C(C(C(N1C)=O)=[*:1])N(C)C1=O,[H]C(C1=CC=CN1S(=O)(C2=CC=C([N+]([O-])=O)C=C2)=O)=O,[*:2]NS(=O)(C1=CC=C([N+]([O-])=O)C=C1)=O,,,,
54,O=C(/C(C(N1C)=O)=C\C(NS(=O)(C2=C([N+]([O-])=O)C=CC=C2)=O)=C\C=C\N3CCC4=C3C=CC=C4)N(C)C1=O,[*:5]N1CCC2=C1C=CC=C2,[*:1]=C/C([*:2])=C/C=C/[*:5],O=C(C(C(N1C)=O)=[*:1])N(C)C1=O,[H]C(C1=CC=CN1S(=O)(C2=C([N+]([O-])=O)C=CC=C2)=O)=O,[*:2]NS(=O)(C1=CC=CC=C1[N+]([O-])=O)=O,,,,
55,O=C(/C(C(N1C)=O)=C\C(NS(=O)(C2=CC=C(C(F)(F)F)C=C2)=O)=C\C=C\N3CCC4=C3C=CC=C4)N(C)C1=O,[*:5]N1CCC2=C1C=CC=C2,[*:1]=C/C([*:2])=C/C=C/[*:5],O=C(C(C(N1C)=O)=[*:1])N(C)C1=O,[H]C(C1=CC=CN1S(=O)(C2=CC=C(C(F)(F)F)C=C2)=O)=O,[*:2]NS(=O)(C1=CC=C(C(F)(F)F)C=C1)=O,,,,
56,O=C(/C(C(N1C)=O)=C\C(NS(=O)(C2=CC=C(C#N)C=C2)=O)=C\C=C\N3CCC4=C3C=CC=C4)N(C)C1=O,[*:5]N1CCC2=C1C=CC=C2,[*:1]=C/C([*:2])=C/C=C/[*:5],O=C(C(C(N1C)=O)=[*:1])N(C)C1=O,[H]C(C1=CC=CN1S(=O)(C2=CC=C(C#N)C=C2)=O)=O,[*:2]NS(=O)(C1=CC=C(C#N)C=C1)=O,,,,
57,O=C(/C(C(N1C)=O)=C\C(NS(=O)(C2=CC(Cl)=C(Cl)C=C2Cl)=O)=C\C=C\N3CCC4=C3C=CC=C4)N(C)C1=O,[*:5]N1CCC2=C1C=CC=C2,[*:1]=C/C([*:2])=C/C=C/[*:5],O=C(C(C(N1C)=O)=[*:1])N(C)C1=O,[H]C(C1=CC=CN1S(=O)(C2=CC(Cl)=C(Cl)C=C2Cl)=O)=O,[*:2]NS(=O)(C1=CC(Cl)=C(Cl)C=C1Cl)=O,,,,
58,O=C(/C(C(N1C)=O)=C\C(NS(=O)(C2=C(F)C(F)=C(F)C(F)=C2F)=O)=C\C=C\N3CCC4=C3C=CC=C4)N(C)C1=O,[*:5]N1CCC2=C1C=CC=C2,[*:1]=C/C([*:2])=C/C=C/[*:5],O=C(C(C(N1C)=O)=[*:1])N(C)C1=O,[H]C(C1=CC=CN1S(=O)(C2=C(F)C(F)=C(F)C(F)=C2F)=O)=O,[*:2]NS(=O)(C1=C(F)C(F)=C(F)C(F)=C1F)=O,,,,
59,O=C(/C(C(N1C)=O)=C\C(NS(=O)(C2=CC=CN=C2)=O)=C\C=C\N3CCC4=C3C=CC=C4)N(C)C1=O,[*:5]N1CCC2=C1C=CC=C2,[*:1]=C/C([*:2])=C/C=C/[*:5],O=C(C(C(N1C)=O)=[*:1])N(C)C1=O,[H]C(C1=CC=CN1S(=O)(C2=CC=CN=C2)=O)=O,[*:2]NS(=O)(C1=CC=CN=C1)=O,,,,
60,O=C(/C(C(N1C)=O)=C\C(NS(=O)(C2=CC=CS2)=O)=C\C=C\N3CCC4=C3C=CC=C4)N(C)C1=O,[*:5]N1CCC2=C1C=CC=C2,[*:1]=C/C([*:2])=C/C=C/[*:5],O=C(C(C(N1C)=O)=[*:1])N(C)C1=O,[H]C(C1=CC=CN1S(=O)(C2=CC=CS2)=O)=O,[*:2]NS(=O)(C1=CC=CS1)=O,,,,
61,O=C(/C(C(N1C)=O)=C\C(NS(=O)(C2=C(C)C=C(C)C=C2C)=O)=C\C=C\N3CCC4=C3C=CC=C4)N(C)C1=O,[*:5]N1CCC2=C1C=CC=C2,[*:1]=C/C([*:2])=C/C=C/[*:5],O=C(C(C(N1C)=O)=[*:1])N(C)C1=O,[H]C(C1=CC=CN1S(=O)(C2=C(C)C=C(C)C=C2C)=O)=O,[*:2]NS(=O)(C1=C(C)C=C(C)C=C1C)=O,,,,
62,O=C(/C(C(N1C)=O)=C\C(NS(=O)(C2=C(C)C=C(C(C)(C)C)C=C2C)=O)=C\C=C\N3CCC4=C3C=CC=C4)N(C)C1=O,[*:5]N1CCC2=C1C=CC=C2,[*:1]=C/C([*:2])=C/C=C/[*:5],O=C(C(C(N1C)=O)=[*:1])N(C)C1=O,[H]C(C1=CC=CN1S(=O)(C2=C(C)C=C(C(C)(C)C)C=C2C)=O)=O,[*:2]NS(=O)(C1=C(C)C=C(C(C)(C)C)C=C1C)=O,,,,
63,O=C(/C(C(N1C)=O)=C\C(NS(=O)(C)=O)=C\C=C\N2CCC3=C2C=CC=C3)N(C)C1=O,[*:5]N1CCC2=C1C=CC=C2,[*:1]=C/C([*:2])=C/C=C/[*:5],O=C(C(C(N1C)=O)=[*:1])N(C)C1=O,[H]C(C1=CC=CN1S(=O)(C)=O)=O,[*:2]NS(=O)(C)=O,,,,
64,O=C(/C(C(N1C)=O)=C\C(NS(=O)(C2=CC=C(C#N)C=C2)=O)=C\C=C\N3CCC4=C3C=CC(OC)=C4)N(C)C1=O,[*:5]N1C(C=CC(OC)=C2)=C2CC1,[*:1]=C/C([*:2])=C/C=C/[*:5],O=C(C(C(N1C)=O)=[*:1])N(C)C1=O,[H]C(C1=CC=CN1S(=O)(C2=CC=C(C#N)C=C2)=O)=O,[*:2]NS(=O)(C1=CC=C(C#N)C=C1)=O,,,,
65,O=C(/C(C(N1C)=O)=C\C(NS(=O)(C2=CC=C(C#N)C=C2)=O)=C\C=C\N3CCC4=C3C=CC(F)=C4)N(C)C1=O,[*:5]N1C(C=CC(F)=C2)=C2CC1,[*:1]=C/C([*:2])=C/C=C/[*:5],O=C(C(C(N1C)=O)=[*:1])N(C)C1=O,[H]C(C1=CC=CN1S(=O)(C2=CC=C(C#N)C=C2)=O)=O,[*:2]NS(=O)(C1=CC=C(C#N)C=C1)=O,,,,
66,O=C(/C(C(N1C)=O)=C\C(NS(=O)(C2=CC=C(C#N)C=C2)=O)=C\C=C\N3CC(C=CC=C4)=C4C3)N(C)C1=O,[*:5]N1CC(C=CC=C2)=C2C1,[*:1]=C/C([*:2])=C/C=C/[*:5],O=C(C(C(N1C)=O)=[*:1])N(C)C1=O,[H]C(C1=CC=CN1S(=O)(C2=CC=C(C#N)C=C2)=O)=O,[*:2]NS(=O)(C1=CC=C(C#N)C=C1)=O,,,,
67,O=C1N(C2=CC=CC=C2)N=C(C(F)(F)F)/C1=C/C(NS(=O)(C3=CC=C(C#N)C=C3)=O)=C/C=C/N4CCC5=C4C=CC=C5,[*:5]N1CCC2=C1C=CC=C2,[*:1]=C/C([*:2])=C/C=C/[*:5],O=C1N(C2=CC=CC=C2)N=C(C(F)(F)F)C1=[*:1],[H]C(C1=CC=CN1S(=O)(C2=CC=C(C#N)C=C2)=O)=O,[*:2]NS(=O)(C1=CC=C(C#N)C=C1)=O,,,,
68,O=C1C2=C(C=CC=C2)C(/C1=C/C(NS(=O)(C3=CC=C(C#N)C=C3)=O)=C/C=C/N4CCC5=C4C=CC=C5)=O,[*:5]N1CCC2=C1C=CC=C2,[*:1]=C/C([*:2])=C/C=C/[*:5],[*:1]=C(C(C1=C2C=CC=C1)=O)C2=O,[H]C(C1=CC=CN1S(=O)(C2=CC=C(C#N)C=C2)=O)=O,[*:2]NS(=O)(C1=CC=C(C#N)C=C1)=O,,,,
69,OC(/C=C1C(N(C)C(N(C)C/1=O)=O)=O)=C\C=C\N(CCCCCCC)CCCCCCC,[*:5]N(CCCCCCC)CCCCCCC,[*:1]=C/C([*:2])=C/C=C/[*:5],O=C(C(C(N1C)=O)=[*:1])N(C)C1=O,[H]C(C1=CC=CO1)=O,O[*:2],,,,
70,OC(/C=C1C(N(C)C(N(C)C/1=O)=O)=O)=C(Br)\C=C\N(CCCCCCC)CCCCCCC,[*:5]N(CCCCCCC)CCCCCCC,[*:1]=C/C([*:2])=C(Br)/C=C/[*:5],O=C(C(C(N1C)=O)=[*:1])N(C)C1=O,[H]C(C1=C(Br)C=CO1)=O,O[*:2],,,,
71,OC(/C=C1C(N(C)C(N(C)C/1=O)=O)=O)=C(C2=CC=CC=C2)\C=C\N(CCCCCCC)CCCCCCC,[*:5]N(CCCCCCC)CCCCCCC,[*:1]=C/C([*:2])=C(C1=CC=CC=C1)/C=C/[*:5],O=C(C(C(N1C)=O)=[*:1])N(C)C1=O,[H]C(C1=C(C2=CC=CC=C2)C=CO1)=O,O[*:2],,,,
72,OC(/C=C1C(C(C=CC=C2)=C2C/1=O)=O)=C(Br)\C=C\N3CCC4=C3C=CC(N(CCCCCCC)CCCCCCC)=C4,CCCCCCCN(CCCCCCC)C(C=C1)=CC2=C1N([*:5])CC2,[*:1]=C/C([*:2])=C(Br)/C=C/[*:5],[*:1]=C(C(C1=C2C=CC=C1)=O)C2=O,[H]C(C1=C(Br)C=CO1)=O,O[*:2],,,,
73,OC(/C=C1C(OC(C)(C)OC/1=O)=O)=C\C=C\N2CCC3=C2C=CC=C3,[*:5]N1CCC2=C1C=CC=C2,[*:1]=C/C([*:2])=C/C=C/[*:5],CC(OC1=O)(C)OC(C1=[*:1])=O,[H]C(C1=CC=CO1)=O,O[*:2],,,,
74,OC(/C=C1C(OC(C)(C)OC/1=O)=O)=C\C=C(C)\N2CCC3=C2C=CC=C3,[*:5]N1CCC2=C1C=CC=C2,[*:1]=C/C([*:2])=C/C=C(C)/[*:5],CC(OC1=O)(C)OC(C1=[*:1])=O,[H]C(C1=CC=C(C)O1)=O,O[*:2],,,,
75,OC(/C=C1C(N(C)C(N(C)C/1=O)=O)=O)=C\C=C\N(C)C,[*:5]N(C)C,[*:1]=C/C([*:2])=C/C=C/[*:5],O=C(C(C(N1C)=O)=[*:1])N(C)C1=O,[H]C(C1=CC=CO1)=O,O[*:2],,,,
76,OC(/C=C1C(N(C)C(N(C)C/1=O)=O)=O)=C\C=C\N(CC)C,[*:5]N(C)CC,[*:1]=C/C([*:2])=C/C=C/[*:5],O=C(C(C(N1C)=O)=[*:1])N(C)C1=O,[H]C(C1=CC=CO1)=O,O[*:2],,,,
77,OC(/C=C1C(N(C)C(N(C)C/1=O)=O)=O)=C\C=C\N(CCCC)C,[*:5]N(C)CCCC,[*:1]=C/C([*:2])=C/C=C/[*:5],O=C(C(C(N1C)=O)=[*:1])N(C)C1=O,[H]C(C1=CC=CO1)=O,O[*:2],,,,
78,OC(/C=C1C(N(C)C(N(C)C/1=O)=O)=O)=C\C=C\N(CCC2=CC=CC=C2)C,[*:5]N(C)CCC1=CC=CC=C1,[*:1]=C/C([*:2])=C/C=C/[*:5],O=C(C(C(N1C)=O)=[*:1])N(C)C1=O,[H]C(C1=CC=CO1)=O,O[*:2],,,,
79,OC(/C=C1C(N(C)C(N(C)C/1=O)=O)=O)=C\C=C\N(CC)CC,[*:5]N(CC)CC,[*:1]=C/C([*:2])=C/C=C/[*:5],O=C(C(C(N1C)=O)=[*:1])N(C)C1=O,[H]C(C1=CC=CO1)=O,O[*:2],,,,
80,OC(/C=C1C(N(C)C(N(C)C/1=O)=O)=O)=C\C=C\N(CCC)CCC,[*:5]N(CCC)CCC,[*:1]=C/C([*:2])=C/C=C/[*:5],O=C(C(C(N1C)=O)=[*:1])N(C)C1=O,[H]C(C1=CC=CO1)=O,O[*:2],,,,
81,OC(/C=C1C(N(C)C(N(C)C/1=O)=O)=O)=C\C=C\N(CCCCCCCC)CCCCCCCC,[*:5]N(CCCCCCCC)CCCCCCCC,[*:1]=C/C([*:2])=C/C=C/[*:5],O=C(C(C(N1C)=O)=[*:1])N(C)C1=O,[H]C(C1=CC=CO1)=O,O[*:2],,,,
82,OC(/C=C1C(N(C)C(N(C)C/1=O)=O)=O)=C\C=C\N(CC(C)C)CC(C)C,[*:5]N(CC(C)C)CC(C)C,[*:1]=C/C([*:2])=C/C=C/[*:5],O=C(C(C(N1C)=O)=[*:1])N(C)C1=O,[H]C(C1=CC=CO1)=O,O[*:2],,,,
83,OC(/C=C1C(N(C)C(N(C)C/1=O)=O)=O)=C\C=C\N(CC2=CC=CC=C2)C,[*:5]N(C)CC1=CC=CC=C1,[*:1]=C/C([*:2])=C/C=C/[*:5],O=C(C(C(N1C)=O)=[*:1])N(C)C1=O,[H]C(C1=CC=CO1)=O,O[*:2],,,,
84,OC(/C=C1C(N(C)C(N(C)C/1=O)=O)=O)=C\C=C\N(CC2=CC=CC=C2)CC,[*:5]N(CC)CC1=CC=CC=C1,[*:1]=C/C([*:2])=C/C=C/[*:5],O=C(C(C(N1C)=O)=[*:1])N(C)C1=O,[H]C(C1=CC=CO1)=O,O[*:2],,,,
85,OC(/C=C1C(N(C)C(N(C)C/1=O)=O)=O)=C\C=C\N2CCC(C=CC=C3)=C3C2,[*:5]N1CCC(C=CC=C2)=C2C1,[*:1]=C/C([*:2])=C/C=C/[*:5],O=C(C(C(N1C)=O)=[*:1])N(C)C1=O,[H]C(C1=CC=CO1)=O,O[*:2],,,,
86,OC(/C=C1C(N(C)C(N(C)C/1=O)=O)=O)=C\C=C\N2CCCC2,[*:5]N1CCCC1,[*:1]=C/C([*:2])=C/C=C/[*:5],O=C(C(C(N1C)=O)=[*:1])N(C)C1=O,[H]C(C1=CC=CO1)=O,O[*:2],,,,
87,OC(/C=C1C(N(C)C(N(C)C/1=O)=O)=O)=C\C=C\N2CCCCC2,[*:5]N1CCCCC1,[*:1]=C/C([*:2])=C/C=C/[*:5],O=C(C(C(N1C)=O)=[*:1])N(C)C1=O,[H]C(C1=CC=CO1)=O,O[*:2],,,,
88,OC(/C=C1C(N(C)C(N(C)C/1=O)=O)=O)=C\C=C\N(C2=CC=C(OC)C=C2)C,[*:5]N(C)C1=CC=C(OC)C=C1,[*:1]=C/C([*:2])=C/C=C/[*:5],O=C(C(C(N1C)=O)=[*:1])N(C)C1=O,[H]C(C1=CC=CO1)=O,O[*:2],,,,
89,OC(/C=C1C(N(CC)C(N(CC)C/1=O)=S)=O)=C\C=C\N2C(C)CC3=C2C=CC=C3,[*:5]N1C(C)CC2=C1C=CC=C2,[*:1]=C/C([*:2])=C/C=C/[*:5],O=C(C(C(N1CC)=O)=[*:1])N(CC)C1=S,[H]C(C1=CC=CO1)=O,O[*:2],,,,
90,OC(/C=C1C(N(CC)C(N(CC)C/1=O)=S)=O)=C\C=C\N2CCC3=C2C=CC(OC)=C3,[*:5]N1CCC2=C1C=CC(OC)=C2,[*:1]=C/C([*:2])=C/C=C/[*:5],O=C(C(C(N1CC)=O)=[*:1])N(CC)C1=S,[H]C(C1=CC=CO1)=O,O[*:2],,,,
91,OC(/C=C1C(N(CC)C(N(CC)C/1=O)=S)=O)=C\C=C\N2CCC3=C2C=CC(N(CCCCCCC)CCCCCCC)=C3,[*:5]N1CCC2=C1C=CC(N(CCCCCCC)CCCCCCC)=C2,[*:1]=C/C([*:2])=C/C=C/[*:5],O=C(C(C(N1CC)=O)=[*:1])N(CC)C1=S,[H]C(C1=CC=CO1)=O,O[*:2],,,,
92,OC(/C=C1C(N(C2=CC=CC=C2)N=C/1C(F)(F)F)=O)=C\C=C\N3C(C)CC4=C3C=CC=C4,[*:5]N1C(C)CC2=C1C=CC=C2,[*:1]=C/C([*:2])=C/C=C/[*:5],[*:1]=C1C(N(C2=CC=CC=C2)N=C1C(F)(F)F)=O,[H]C(C1=CC=CO1)=O,O[*:2],,,,
